period_utc,respondent,demand_mwh,solar_mwh,wind_mwh,nuclear_mwh,net_load_mwh,residual_load_after_nuclear_mwh
2025-03-31 19:00:00-05:00,CISO,24276.0,11648.0,4925.0,2274.0,7703.0,5429.0
2025-03-31 20:00:00-05:00,CISO,24545.0,9172.0,4932.0,2271.0,10441.0,8170.0
2025-03-31 21:00:00-05:00,CISO,23418.0,6150.0,5209.0,2272.0,12059.0,9787.0
2025-03-31 22:00:00-05:00,CISO,24257.0,1628.0,5104.0,2272.0,17525.0,15253.0
2025-03-31 23:00:00-05:00,CISO,25491.0,107.0,4857.0,2273.0,20527.0,18254.0
2025-04-01 00:00:00-05:00,CISO,25555.0,91.0,4535.0,2274.0,20929.0,18655.0
2025-04-01 01:00:00-05:00,CISO,25020.0,95.0,4446.0,2274.0,20479.0,18205.0
2025-04-01 02:00:00-05:00,CISO,23759.0,96.0,4464.0,2275.0,19199.0,16924.0
2025-04-01 03:00:00-05:00,CISO,22513.0,97.0,4111.0,2276.0,18305.0,16029.0
2025-04-01 04:00:00-05:00,CISO,21935.0,53.0,3700.0,2277.0,18182.0,15905.0
2025-04-01 05:00:00-05:00,CISO,21099.0,-52.0,3649.0,2277.0,17502.0,15225.0
2025-04-01 06:00:00-05:00,CISO,21922.0,97.0,3598.0,2276.0,18227.0,15951.0
2025-04-01 07:00:00-05:00,CISO,21922.0,97.0,3562.0,2276.0,18263.0,15987.0
2025-04-01 08:00:00-05:00,CISO,20519.0,-53.0,3478.0,2275.0,17094.0,14819.0
2025-04-01 09:00:00-05:00,CISO,21829.0,-54.0,3570.0,2273.0,18313.0,16040.0
2025-04-01 10:00:00-05:00,CISO,23605.0,26.0,3442.0,2271.0,20137.0,17866.0
2025-04-01 11:00:00-05:00,CISO,21922.0,97.0,3275.0,2276.0,18550.0,16274.0
2025-04-01 12:00:00-05:00,CISO,25765.0,10803.0,3685.0,2273.0,11277.0,9004.0
2025-04-01 13:00:00-05:00,CISO,25906.0,11263.0,4304.0,2275.0,10339.0,8064.0
2025-04-01 14:00:00-05:00,CISO,21922.0,97.0,4205.0,2276.0,17620.0,15344.0
2025-04-01 15:00:00-05:00,CISO,25185.0,12648.0,3857.0,2276.0,8680.0,6404.0
2025-04-01 16:00:00-05:00,CISO,23432.0,12243.0,3524.0,2278.0,7665.0,5387.0
2025-04-01 17:00:00-05:00,CISO,23928.0,12445.0,3810.0,2277.0,7673.0,5396.0
2025-04-01 18:00:00-05:00,CISO,23846.0,12837.0,3768.0,2276.0,7241.0,4965.0
2025-04-01 19:00:00-05:00,CISO,23497.0,12994.0,3895.0,2277.0,6608.0,4331.0
2025-04-01 20:00:00-05:00,CISO,22657.0,11812.0,3869.0,2277.0,6976.0,4699.0
2025-04-01 21:00:00-05:00,CISO,22652.0,8147.0,3879.0,2275.0,10626.0,8351.0
2025-04-01 22:00:00-05:00,CISO,24156.0,2076.0,3731.0,2273.0,18349.0,16076.0
2025-04-01 23:00:00-05:00,CISO,25894.0,11.0,3624.0,2274.0,22259.0,19985.0
2025-04-02 00:00:00-05:00,CISO,25837.0,-22.0,3742.0,2274.0,22117.0,19843.0
2025-04-02 01:00:00-05:00,CISO,25359.0,-18.0,3625.0,2275.0,21752.0,19477.0
2025-04-02 02:00:00-05:00,CISO,23976.0,-17.0,3389.0,2276.0,20604.0,18328.0
2025-04-02 03:00:00-05:00,CISO,22855.0,-16.0,3288.0,2277.0,19583.0,17306.0
2025-04-02 04:00:00-05:00,CISO,22246.0,-17.0,3201.0,2277.0,19062.0,16785.0
2025-04-02 05:00:00-05:00,CISO,21354.0,-17.0,3341.0,2278.0,18030.0,15752.0
2025-04-02 06:00:00-05:00,CISO,20924.0,-18.0,2810.0,2277.0,18132.0,15855.0
2025-04-02 07:00:00-05:00,CISO,20572.0,-19.0,2701.0,2276.0,17890.0,15614.0
2025-04-02 08:00:00-05:00,CISO,21045.0,-20.0,3281.0,2276.0,17784.0,15508.0
2025-04-02 09:00:00-05:00,CISO,22227.0,-20.0,3845.0,2277.0,18402.0,16125.0
2025-04-02 10:00:00-05:00,CISO,24489.0,112.0,3904.0,2276.0,20473.0,18197.0
2025-04-02 11:00:00-05:00,CISO,25366.0,2950.0,3530.0,2276.0,18886.0,16610.0
2025-04-02 12:00:00-05:00,CISO,24230.0,7202.0,3573.0,2274.0,13455.0,11181.0
2025-04-02 13:00:00-05:00,CISO,23675.0,10902.0,3448.0,2274.0,9325.0,7051.0
2025-04-02 14:00:00-05:00,CISO,23255.0,12792.0,3064.0,2274.0,7399.0,5125.0
2025-04-02 15:00:00-05:00,CISO,23284.0,13470.0,3319.0,2275.0,6495.0,4220.0
2025-04-02 16:00:00-05:00,CISO,22812.0,13363.0,3497.0,2276.0,5952.0,3676.0
2025-04-02 17:00:00-05:00,CISO,22583.0,12660.0,3806.0,2278.0,6117.0,3839.0
2025-04-02 18:00:00-05:00,CISO,22052.0,11482.0,3807.0,2277.0,6763.0,4486.0
2025-04-02 19:00:00-05:00,CISO,22083.0,11837.0,3668.0,2277.0,6578.0,4301.0
2025-04-02 20:00:00-05:00,CISO,21478.0,11654.0,3909.0,2277.0,5915.0,3638.0
2025-04-02 21:00:00-05:00,CISO,21357.0,9289.0,3791.0,2278.0,8277.0,5999.0
2025-04-02 22:00:00-05:00,CISO,23065.0,2693.0,4125.0,2278.0,16247.0,13969.0
2025-04-02 23:00:00-05:00,CISO,25029.0,104.0,4541.0,2278.0,20384.0,18106.0
2025-04-03 00:00:00-05:00,CISO,25350.0,10.0,4616.0,2278.0,20724.0,18446.0
2025-04-03 01:00:00-05:00,CISO,24651.0,-14.0,4500.0,2278.0,20165.0,17887.0
2025-04-03 02:00:00-05:00,CISO,23498.0,-18.0,4506.0,2277.0,19010.0,16733.0
2025-04-03 03:00:00-05:00,CISO,22367.0,-18.0,4618.0,2277.0,17767.0,15490.0
2025-04-03 04:00:00-05:00,CISO,21578.0,-18.0,4391.0,2277.0,17205.0,14928.0
2025-04-03 05:00:00-05:00,CISO,21221.0,-17.0,4135.0,2278.0,17103.0,14825.0
2025-04-03 06:00:00-05:00,CISO,20634.0,-18.0,3990.0,2279.0,16662.0,14383.0
2025-04-03 07:00:00-05:00,CISO,20329.0,-18.0,3568.0,2279.0,16779.0,14500.0
2025-04-03 08:00:00-05:00,CISO,20712.0,-19.0,3121.0,2279.0,17610.0,15331.0
2025-04-03 09:00:00-05:00,CISO,22113.0,-20.0,2701.0,2279.0,19432.0,17153.0
2025-04-03 10:00:00-05:00,CISO,24040.0,220.0,2597.0,2279.0,21223.0,18944.0
2025-04-03 11:00:00-05:00,CISO,24686.0,5263.0,2470.0,2278.0,16953.0,14675.0
2025-04-03 12:00:00-05:00,CISO,24032.0,12292.0,2389.0,2277.0,9351.0,7074.0
2025-04-03 13:00:00-05:00,CISO,24082.0,14499.0,2285.0,2276.0,7298.0,5022.0
2025-04-03 14:00:00-05:00,CISO,23202.0,14899.0,1836.0,2275.0,6467.0,4192.0
2025-04-03 15:00:00-05:00,CISO,23070.0,15136.0,1461.0,2277.0,6473.0,4196.0
2025-04-03 16:00:00-05:00,CISO,21273.0,14398.0,1392.0,2279.0,5483.0,3204.0
2025-04-03 17:00:00-05:00,CISO,20600.0,13866.0,1189.0,2280.0,5545.0,3265.0
2025-04-03 18:00:00-05:00,CISO,20055.0,13636.0,1352.0,2280.0,5067.0,2787.0
2025-04-03 19:00:00-05:00,CISO,20311.0,12169.0,1932.0,2281.0,6210.0,3929.0
2025-04-03 20:00:00-05:00,CISO,21031.0,12133.0,2808.0,2282.0,6090.0,3808.0
2025-04-03 21:00:00-05:00,CISO,22247.0,10095.0,3605.0,2283.0,8547.0,6264.0
2025-04-03 22:00:00-05:00,CISO,23290.0,3209.0,3751.0,2282.0,16330.0,14048.0
2025-04-03 23:00:00-05:00,CISO,25238.0,116.0,3974.0,2282.0,21148.0,18866.0
2025-04-04 00:00:00-05:00,CISO,25530.0,-22.0,3948.0,2283.0,21604.0,19321.0
2025-04-04 01:00:00-05:00,CISO,25021.0,-20.0,3777.0,2283.0,21264.0,18981.0
2025-04-04 02:00:00-05:00,CISO,23839.0,-18.0,3653.0,2283.0,20204.0,17921.0
2025-04-04 03:00:00-05:00,CISO,23141.0,-18.0,3804.0,2284.0,19355.0,17071.0
2025-04-04 04:00:00-05:00,CISO,22376.0,-16.0,3586.0,2281.0,18806.0,16525.0
2025-04-04 05:00:00-05:00,CISO,21731.0,-17.0,3488.0,2281.0,18260.0,15979.0
2025-04-04 06:00:00-05:00,CISO,21321.0,-18.0,3414.0,2281.0,17925.0,15644.0
2025-04-04 07:00:00-05:00,CISO,21067.0,-18.0,3021.0,2283.0,18064.0,15781.0
2025-04-04 08:00:00-05:00,CISO,21728.0,-18.0,2769.0,2283.0,18977.0,16694.0
2025-04-04 09:00:00-05:00,CISO,22639.0,-19.0,2861.0,2283.0,19797.0,17514.0
2025-04-04 10:00:00-05:00,CISO,24363.0,249.0,2374.0,2283.0,21740.0,19457.0
2025-04-04 11:00:00-05:00,CISO,24991.0,5647.0,1504.0,2283.0,17840.0,15557.0
2025-04-04 12:00:00-05:00,CISO,24456.0,12964.0,1036.0,2283.0,10456.0,8173.0
2025-04-04 13:00:00-05:00,CISO,24369.0,15155.0,1226.0,2282.0,7988.0,5706.0
2025-04-04 14:00:00-05:00,CISO,23178.0,15227.0,1408.0,2282.0,6543.0,4261.0
2025-04-04 15:00:00-05:00,CISO,22202.0,15752.0,1324.0,2282.0,5126.0,2844.0
2025-04-04 16:00:00-05:00,CISO,21137.0,15912.0,1122.0,2281.0,4103.0,1822.0
2025-04-04 17:00:00-05:00,CISO,20809.0,15521.0,1154.0,2278.0,4134.0,1856.0
2025-04-04 18:00:00-05:00,CISO,21259.0,15050.0,1616.0,2278.0,4593.0,2315.0
2025-04-04 19:00:00-05:00,CISO,21259.0,14756.0,1867.0,2278.0,4636.0,2358.0
2025-04-04 20:00:00-05:00,CISO,21222.0,13449.0,2149.0,2278.0,5624.0,3346.0
2025-04-04 21:00:00-05:00,CISO,21934.0,12089.0,2518.0,2279.0,7327.0,5048.0
2025-04-04 22:00:00-05:00,CISO,23107.0,4248.0,2651.0,2279.0,16208.0,13929.0
2025-04-04 23:00:00-05:00,CISO,24656.0,223.0,2603.0,2280.0,21830.0,19550.0
2025-04-05 00:00:00-05:00,CISO,24544.0,-48.0,2698.0,2279.0,21894.0,19615.0
2025-04-05 01:00:00-05:00,CISO,24115.0,-54.0,3027.0,2278.0,21142.0,18864.0
2025-04-05 02:00:00-05:00,CISO,23123.0,-54.0,2996.0,2279.0,20181.0,17902.0
2025-04-05 03:00:00-05:00,CISO,21949.0,-52.0,2944.0,2279.0,19057.0,16778.0
2025-04-05 04:00:00-05:00,CISO,21575.0,-52.0,2902.0,2279.0,18725.0,16446.0
2025-04-05 05:00:00-05:00,CISO,20824.0,-53.0,2965.0,2279.0,17912.0,15633.0
2025-04-05 06:00:00-05:00,CISO,20385.0,-52.0,2608.0,2279.0,17829.0,15550.0
2025-04-05 07:00:00-05:00,CISO,20004.0,-53.0,2211.0,2279.0,17846.0,15567.0
2025-04-05 08:00:00-05:00,CISO,20216.0,-54.0,1992.0,2279.0,18278.0,15999.0
2025-04-05 09:00:00-05:00,CISO,20714.0,-54.0,1567.0,2280.0,19201.0,16921.0
2025-04-05 10:00:00-05:00,CISO,21386.0,265.0,1287.0,2279.0,19834.0,17555.0
2025-04-05 11:00:00-05:00,CISO,21471.0,6077.0,1128.0,2278.0,14266.0,11988.0
2025-04-05 12:00:00-05:00,CISO,21216.0,12343.0,1380.0,2278.0,7493.0,5215.0
2025-04-05 13:00:00-05:00,CISO,21110.0,11994.0,2057.0,2279.0,7059.0,4780.0
2025-04-05 14:00:00-05:00,CISO,19970.0,11458.0,2201.0,2279.0,6311.0,4032.0
2025-04-05 15:00:00-05:00,CISO,19204.0,11056.0,1674.0,2278.0,6474.0,4196.0
2025-04-05 16:00:00-05:00,CISO,18270.0,10788.0,1291.0,2278.0,6191.0,3913.0
2025-04-05 17:00:00-05:00,CISO,17848.0,10538.0,1037.0,2278.0,6273.0,3995.0
2025-04-05 18:00:00-05:00,CISO,17458.0,10221.0,1011.0,2279.0,6226.0,3947.0
2025-04-05 19:00:00-05:00,CISO,18217.0,10625.0,1124.0,2278.0,6468.0,4190.0
2025-04-05 20:00:00-05:00,CISO,18937.0,10941.0,1227.0,2277.0,6769.0,4492.0
2025-04-05 21:00:00-05:00,CISO,20394.0,10482.0,1549.0,2277.0,8363.0,6086.0
2025-04-05 22:00:00-05:00,CISO,22183.0,3911.0,1737.0,2279.0,16535.0,14256.0
2025-04-05 23:00:00-05:00,CISO,23615.0,117.0,1867.0,2279.0,21631.0,19352.0
2025-04-06 00:00:00-05:00,CISO,23628.0,-25.0,1965.0,2279.0,21688.0,19409.0
2025-04-06 01:00:00-05:00,CISO,23046.0,-20.0,1932.0,2279.0,21134.0,18855.0
2025-04-06 02:00:00-05:00,CISO,21920.0,-19.0,1614.0,2280.0,20325.0,18045.0
2025-04-06 03:00:00-05:00,CISO,21107.0,-17.0,1411.0,2280.0,19713.0,17433.0
2025-04-06 04:00:00-05:00,CISO,20562.0,-17.0,1634.0,2279.0,18945.0,16666.0
2025-04-06 05:00:00-05:00,CISO,19861.0,-22.0,1912.0,2280.0,17971.0,15691.0
2025-04-06 06:00:00-05:00,CISO,19342.0,-38.0,2140.0,2281.0,17240.0,14959.0
2025-04-06 07:00:00-05:00,CISO,19064.0,-38.0,1877.0,2280.0,17225.0,14945.0
2025-04-06 08:00:00-05:00,CISO,19250.0,-39.0,1454.0,2280.0,17835.0,15555.0
2025-04-06 09:00:00-05:00,CISO,19432.0,-40.0,1200.0,2279.0,18272.0,15993.0
2025-04-06 10:00:00-05:00,CISO,20051.0,328.0,844.0,2278.0,18879.0,16601.0
2025-04-06 11:00:00-05:00,CISO,20472.0,6186.0,601.0,2278.0,13685.0,11407.0
2025-04-06 12:00:00-05:00,CISO,21171.0,12761.0,427.0,2279.0,7983.0,5704.0
2025-04-06 13:00:00-05:00,CISO,20568.0,13044.0,273.0,2279.0,7251.0,4972.0
2025-04-06 14:00:00-05:00,CISO,19711.0,12631.0,229.0,2278.0,6851.0,4573.0
2025-04-06 15:00:00-05:00,CISO,19131.0,12309.0,219.0,2278.0,6603.0,4325.0
2025-04-06 16:00:00-05:00,CISO,18548.0,12042.0,220.0,2279.0,6286.0,4007.0
2025-04-06 17:00:00-05:00,CISO,18349.0,11915.0,230.0,2279.0,6204.0,3925.0
2025-04-06 18:00:00-05:00,CISO,18560.0,12003.0,485.0,2279.0,6072.0,3793.0
2025-04-06 19:00:00-05:00,CISO,18354.0,11544.0,1046.0,2280.0,5764.0,3484.0
2025-04-06 20:00:00-05:00,CISO,19179.0,11511.0,1404.0,2278.0,6264.0,3986.0
2025-04-06 21:00:00-05:00,CISO,20904.0,10436.0,1768.0,2278.0,8700.0,6422.0
2025-04-06 22:00:00-05:00,CISO,22326.0,3630.0,2144.0,2279.0,16552.0,14273.0
2025-04-06 23:00:00-05:00,CISO,24132.0,90.0,2647.0,2279.0,21395.0,19116.0
2025-04-07 00:00:00-05:00,CISO,24168.0,-11.0,2826.0,2279.0,21353.0,19074.0
2025-04-07 01:00:00-05:00,CISO,23555.0,-6.0,3076.0,2278.0,20485.0,18207.0
2025-04-07 02:00:00-05:00,CISO,22274.0,-5.0,3337.0,2279.0,18942.0,16663.0
2025-04-07 03:00:00-05:00,CISO,20921.0,-4.0,3391.0,2279.0,17534.0,15255.0
2025-04-07 04:00:00-05:00,CISO,20219.0,-4.0,3335.0,2278.0,16888.0,14610.0
2025-04-07 05:00:00-05:00,CISO,19764.0,-4.0,3087.0,2278.0,16681.0,14403.0
2025-04-07 06:00:00-05:00,CISO,18991.0,-5.0,2733.0,2280.0,16263.0,13983.0
2025-04-07 07:00:00-05:00,CISO,18770.0,-5.0,2439.0,2279.0,16336.0,14057.0
2025-04-07 08:00:00-05:00,CISO,19370.0,-4.0,2556.0,2280.0,16818.0,14538.0
2025-04-07 09:00:00-05:00,CISO,20883.0,-5.0,2774.0,2279.0,18114.0,15835.0
2025-04-07 10:00:00-05:00,CISO,22751.0,358.0,2443.0,2279.0,19950.0,17671.0
2025-04-07 11:00:00-05:00,CISO,23646.0,5899.0,2140.0,2278.0,15607.0,13329.0
2025-04-07 12:00:00-05:00,CISO,24107.0,13141.0,1651.0,2277.0,9315.0,7038.0
2025-04-07 13:00:00-05:00,CISO,24820.0,15130.0,1546.0,2278.0,8144.0,5866.0
2025-04-07 14:00:00-05:00,CISO,24397.0,15504.0,1625.0,2278.0,7268.0,4990.0
2025-04-07 15:00:00-05:00,CISO,23373.0,16247.0,1352.0,2278.0,5774.0,3496.0
2025-04-07 16:00:00-05:00,CISO,23477.0,16503.0,1214.0,2278.0,5760.0,3482.0
2025-04-07 17:00:00-05:00,CISO,22584.0,16134.0,1375.0,2279.0,5075.0,2796.0
2025-04-07 18:00:00-05:00,CISO,22639.0,15892.0,2244.0,2279.0,4503.0,2224.0
2025-04-07 19:00:00-05:00,CISO,22914.0,14941.0,2573.0,2279.0,5400.0,3121.0
2025-04-07 20:00:00-05:00,CISO,22713.0,13215.0,2965.0,2280.0,6533.0,4253.0
2025-04-07 21:00:00-05:00,CISO,23298.0,9837.0,3286.0,2280.0,10175.0,7895.0
2025-04-07 22:00:00-05:00,CISO,24862.0,3088.0,3563.0,2279.0,18211.0,15932.0
2025-04-07 23:00:00-05:00,CISO,26104.0,73.0,3888.0,2279.0,22143.0,19864.0
2025-04-08 00:00:00-05:00,CISO,26047.0,-58.0,3966.0,2279.0,22139.0,19860.0
2025-04-08 01:00:00-05:00,CISO,25257.0,-54.0,4066.0,2279.0,21245.0,18966.0
2025-04-08 02:00:00-05:00,CISO,23724.0,-51.0,4136.0,2280.0,19639.0,17359.0
2025-04-08 03:00:00-05:00,CISO,22419.0,-50.0,4407.0,2279.0,18062.0,15783.0
2025-04-08 04:00:00-05:00,CISO,21597.0,-50.0,4277.0,2278.0,17370.0,15092.0
2025-04-08 05:00:00-05:00,CISO,20900.0,-51.0,4174.0,2280.0,16777.0,14497.0
2025-04-08 06:00:00-05:00,CISO,20526.0,-51.0,3894.0,2279.0,16683.0,14404.0
2025-04-08 07:00:00-05:00,CISO,20166.0,-50.0,3918.0,2279.0,16298.0,14019.0
2025-04-08 08:00:00-05:00,CISO,20145.0,-51.0,3704.0,2279.0,16492.0,14213.0
2025-04-08 09:00:00-05:00,CISO,21347.0,-51.0,3473.0,2279.0,17925.0,15646.0
2025-04-08 10:00:00-05:00,CISO,23118.0,288.0,3624.0,2279.0,19206.0,16927.0
2025-04-08 11:00:00-05:00,CISO,24013.0,5643.0,3819.0,2279.0,14551.0,12272.0
2025-04-08 12:00:00-05:00,CISO,24176.0,11994.0,3727.0,2279.0,8455.0,6176.0
2025-04-08 13:00:00-05:00,CISO,24535.0,13476.0,3695.0,2280.0,7364.0,5084.0
2025-04-08 14:00:00-05:00,CISO,24098.0,14045.0,3333.0,2279.0,6720.0,4441.0
2025-04-08 15:00:00-05:00,CISO,22913.0,14373.0,2641.0,2279.0,5899.0,3620.0
2025-04-08 16:00:00-05:00,CISO,21763.0,14103.0,2011.0,2279.0,5649.0,3370.0
2025-04-08 17:00:00-05:00,CISO,21825.0,13877.0,1818.0,2279.0,6130.0,3851.0
2025-04-08 18:00:00-05:00,CISO,21312.0,13401.0,2048.0,2279.0,5863.0,3584.0
2025-04-08 19:00:00-05:00,CISO,21622.0,13655.0,2307.0,2279.0,5660.0,3381.0
2025-04-08 20:00:00-05:00,CISO,22167.0,12480.0,2553.0,2280.0,7134.0,4854.0
2025-04-08 21:00:00-05:00,CISO,23214.0,11061.0,2873.0,2280.0,9280.0,7000.0
2025-04-08 22:00:00-05:00,CISO,24895.0,4341.0,3213.0,2280.0,17341.0,15061.0
2025-04-08 23:00:00-05:00,CISO,26258.0,81.0,3908.0,2279.0,22269.0,19990.0
2025-04-09 00:00:00-05:00,CISO,26358.0,-48.0,4336.0,2279.0,22070.0,19791.0
2025-04-09 01:00:00-05:00,CISO,25644.0,-43.0,4479.0,2280.0,21208.0,18928.0
2025-04-09 02:00:00-05:00,CISO,24250.0,-40.0,4320.0,2282.0,19970.0,17688.0
2025-04-09 03:00:00-05:00,CISO,22636.0,-41.0,4114.0,2283.0,18563.0,16280.0
2025-04-09 04:00:00-05:00,CISO,21983.0,-41.0,3936.0,2280.0,18088.0,15808.0
2025-04-09 05:00:00-05:00,CISO,21395.0,-41.0,4022.0,2280.0,17414.0,15134.0
2025-04-09 06:00:00-05:00,CISO,20706.0,-40.0,4011.0,2280.0,16735.0,14455.0
2025-04-09 07:00:00-05:00,CISO,20264.0,-40.0,3526.0,2281.0,16778.0,14497.0
2025-04-09 08:00:00-05:00,CISO,20336.0,-41.0,3209.0,2281.0,17168.0,14887.0
2025-04-09 09:00:00-05:00,CISO,21410.0,-41.0,2982.0,2281.0,18469.0,16188.0
2025-04-09 10:00:00-05:00,CISO,23074.0,390.0,2542.0,2281.0,20142.0,17861.0
2025-04-09 11:00:00-05:00,CISO,23937.0,6601.0,1696.0,2282.0,15640.0,13358.0
2025-04-09 12:00:00-05:00,CISO,24436.0,13490.0,1063.0,2282.0,9883.0,7601.0
2025-04-09 13:00:00-05:00,CISO,24446.0,15218.0,539.0,2281.0,8689.0,6408.0
2025-04-09 14:00:00-05:00,CISO,24279.0,16038.0,596.0,2280.0,7645.0,5365.0
2025-04-09 15:00:00-05:00,CISO,24145.0,16201.0,567.0,2278.0,7377.0,5099.0
2025-04-09 16:00:00-05:00,CISO,23093.0,16309.0,451.0,2279.0,6333.0,4054.0
2025-04-09 17:00:00-05:00,CISO,22827.0,16001.0,444.0,2280.0,6382.0,4102.0
2025-04-09 18:00:00-05:00,CISO,22753.0,15771.0,520.0,2280.0,6462.0,4182.0
2025-04-09 19:00:00-05:00,CISO,23194.0,15607.0,765.0,2281.0,6822.0,4541.0
2025-04-09 20:00:00-05:00,CISO,23512.0,14812.0,1170.0,2281.0,7530.0,5249.0
2025-04-09 21:00:00-05:00,CISO,24838.0,12134.0,1546.0,2281.0,11158.0,8877.0
2025-04-09 22:00:00-05:00,CISO,26747.0,4408.0,1776.0,2281.0,20563.0,18282.0
2025-04-09 23:00:00-05:00,CISO,27565.0,121.0,2122.0,2281.0,25322.0,23041.0
2025-04-10 00:00:00-05:00,CISO,27282.0,-50.0,2572.0,2280.0,24760.0,22480.0
2025-04-10 01:00:00-05:00,CISO,26562.0,-45.0,2539.0,2280.0,24068.0,21788.0
2025-04-10 02:00:00-05:00,CISO,24963.0,-44.0,2166.0,2281.0,22841.0,20560.0
2025-04-10 03:00:00-05:00,CISO,23299.0,-44.0,1845.0,2281.0,21498.0,19217.0
2025-04-10 04:00:00-05:00,CISO,22461.0,-43.0,1746.0,2278.0,20758.0,18480.0
2025-04-10 05:00:00-05:00,CISO,21512.0,-43.0,1604.0,2278.0,19951.0,17673.0
2025-04-10 06:00:00-05:00,CISO,20830.0,-43.0,1386.0,2280.0,19487.0,17207.0
2025-04-10 07:00:00-05:00,CISO,20276.0,-43.0,1166.0,2280.0,19153.0,16873.0
2025-04-10 08:00:00-05:00,CISO,20116.0,-43.0,928.0,2280.0,19231.0,16951.0
2025-04-10 09:00:00-05:00,CISO,20994.0,-42.0,1015.0,2280.0,20021.0,17741.0
2025-04-10 10:00:00-05:00,CISO,22179.0,428.0,1063.0,2279.0,20688.0,18409.0
2025-04-10 11:00:00-05:00,CISO,23507.0,6604.0,970.0,2279.0,15933.0,13654.0
2025-04-10 12:00:00-05:00,CISO,24128.0,13818.0,922.0,2278.0,9388.0,7110.0
2025-04-10 13:00:00-05:00,CISO,24877.0,15717.0,883.0,2277.0,8277.0,6000.0
2025-04-10 14:00:00-05:00,CISO,24337.0,16427.0,779.0,2277.0,7131.0,4854.0
2025-04-10 15:00:00-05:00,CISO,23068.0,15114.0,482.0,2276.0,7472.0,5196.0
2025-04-10 16:00:00-05:00,CISO,22112.0,15311.0,339.0,2277.0,6462.0,4185.0
2025-04-10 17:00:00-05:00,CISO,22297.0,15119.0,376.0,2276.0,6802.0,4526.0
2025-04-10 18:00:00-05:00,CISO,22454.0,13850.0,593.0,2276.0,8011.0,5735.0
2025-04-10 19:00:00-05:00,CISO,23231.0,13301.0,1122.0,2277.0,8808.0,6531.0
2025-04-10 20:00:00-05:00,CISO,24832.0,12968.0,1869.0,2276.0,9995.0,7719.0
2025-04-10 21:00:00-05:00,CISO,25916.0,10017.0,2158.0,2277.0,13741.0,11464.0
2025-04-10 22:00:00-05:00,CISO,26885.0,3478.0,2581.0,2277.0,20826.0,18549.0
2025-04-10 23:00:00-05:00,CISO,27788.0,80.0,2853.0,2277.0,24855.0,22578.0
2025-04-11 00:00:00-05:00,CISO,27595.0,-55.0,3560.0,2277.0,24090.0,21813.0
2025-04-11 01:00:00-05:00,CISO,26779.0,-48.0,3917.0,2277.0,22910.0,20633.0
2025-04-11 02:00:00-05:00,CISO,25014.0,-47.0,3806.0,2277.0,21255.0,18978.0
2025-04-11 03:00:00-05:00,CISO,23495.0,-47.0,3853.0,2276.0,19689.0,17413.0
2025-04-11 04:00:00-05:00,CISO,22576.0,-47.0,3657.0,2275.0,18966.0,16691.0
2025-04-11 05:00:00-05:00,CISO,21910.0,-47.0,3616.0,2275.0,18341.0,16066.0
2025-04-11 06:00:00-05:00,CISO,21630.0,-47.0,3690.0,2274.0,17987.0,15713.0
2025-04-11 07:00:00-05:00,CISO,21252.0,-47.0,3150.0,2274.0,18149.0,15875.0
2025-04-11 08:00:00-05:00,CISO,20575.0,-47.0,2618.0,2274.0,18004.0,15730.0
2025-04-11 09:00:00-05:00,CISO,21570.0,-47.0,2071.0,2275.0,19546.0,17271.0
2025-04-11 10:00:00-05:00,CISO,22695.0,494.0,1961.0,2275.0,20240.0,17965.0
2025-04-11 11:00:00-05:00,CISO,23867.0,6088.0,1641.0,2274.0,16138.0,13864.0
2025-04-11 12:00:00-05:00,CISO,24861.0,12556.0,1239.0,2275.0,11066.0,8791.0
2025-04-11 13:00:00-05:00,CISO,25405.0,14594.0,942.0,2274.0,9869.0,7595.0
2025-04-11 14:00:00-05:00,CISO,25829.0,17136.0,576.0,2274.0,8117.0,5843.0
2025-04-11 15:00:00-05:00,CISO,25412.0,17890.0,341.0,2273.0,7181.0,4908.0
2025-04-11 16:00:00-05:00,CISO,23876.0,17599.0,517.0,2272.0,5760.0,3488.0
2025-04-11 17:00:00-05:00,CISO,24972.0,17462.0,1258.0,2272.0,6252.0,3980.0
2025-04-11 18:00:00-05:00,CISO,24653.0,17330.0,1942.0,2269.0,5381.0,3112.0
2025-04-11 19:00:00-05:00,CISO,24864.0,17148.0,2655.0,2269.0,5061.0,2792.0
2025-04-11 20:00:00-05:00,CISO,25295.0,15348.0,3555.0,2269.0,6392.0,4123.0
2025-04-11 21:00:00-05:00,CISO,25860.0,11973.0,3750.0,2269.0,10137.0,7868.0
2025-04-11 22:00:00-05:00,CISO,27032.0,4069.0,3905.0,2269.0,19058.0,16789.0
2025-04-11 23:00:00-05:00,CISO,27543.0,106.0,4188.0,2269.0,23249.0,20980.0
2025-04-12 00:00:00-05:00,CISO,27314.0,-35.0,4237.0,2269.0,23112.0,20843.0
2025-04-12 01:00:00-05:00,CISO,26551.0,-30.0,4028.0,2270.0,22553.0,20283.0
2025-04-12 02:00:00-05:00,CISO,25403.0,-28.0,3925.0,2270.0,21506.0,19236.0
2025-04-12 03:00:00-05:00,CISO,24066.0,-28.0,3883.0,2270.0,20211.0,17941.0
2025-04-12 04:00:00-05:00,CISO,23084.0,-27.0,4186.0,2271.0,18925.0,16654.0
2025-04-12 05:00:00-05:00,CISO,22004.0,-27.0,4336.0,2268.0,17695.0,15427.0
2025-04-12 06:00:00-05:00,CISO,21163.0,-26.0,4723.0,2267.0,16466.0,14199.0
2025-04-12 07:00:00-05:00,CISO,20556.0,-27.0,4781.0,2267.0,15802.0,13535.0
2025-04-12 08:00:00-05:00,CISO,20176.0,-26.0,4532.0,2266.0,15670.0,13404.0
2025-04-12 09:00:00-05:00,CISO,20335.0,-28.0,4457.0,2264.0,15906.0,13642.0
2025-04-12 10:00:00-05:00,CISO,20519.0,329.0,4345.0,2265.0,15845.0,13580.0
2025-04-12 11:00:00-05:00,CISO,21601.0,5885.0,4017.0,2265.0,11699.0,9434.0
2025-04-12 12:00:00-05:00,CISO,22942.0,11620.0,3924.0,2264.0,7398.0,5134.0
2025-04-12 13:00:00-05:00,CISO,22836.0,13773.0,3347.0,2264.0,5716.0,3452.0
2025-04-12 14:00:00-05:00,CISO,21393.0,13078.0,3052.0,2264.0,5263.0,2999.0
2025-04-12 15:00:00-05:00,CISO,21740.0,12862.0,2723.0,2263.0,6155.0,3892.0
2025-04-12 16:00:00-05:00,CISO,21046.0,12969.0,2619.0,2260.0,5458.0,3198.0
2025-04-12 17:00:00-05:00,CISO,20583.0,13112.0,2520.0,2259.0,4951.0,2692.0
2025-04-12 18:00:00-05:00,CISO,19882.0,12499.0,2778.0,2259.0,4605.0,2346.0
2025-04-12 19:00:00-05:00,CISO,19632.0,11970.0,2780.0,2259.0,4882.0,2623.0
2025-04-12 20:00:00-05:00,CISO,20229.0,12186.0,2890.0,2263.0,5153.0,2890.0
2025-04-12 21:00:00-05:00,CISO,22356.0,10838.0,3407.0,2307.0,8111.0,5804.0
2025-04-12 22:00:00-05:00,CISO,23758.0,4283.0,3234.0,2309.0,16241.0,13932.0
2025-04-12 23:00:00-05:00,CISO,24637.0,83.0,3516.0,2309.0,21038.0,18729.0
2025-04-13 00:00:00-05:00,CISO,25019.0,-61.0,3479.0,2309.0,21601.0,19292.0
2025-04-13 01:00:00-05:00,CISO,24416.0,-57.0,3401.0,2110.0,21072.0,18962.0
2025-04-13 02:00:00-05:00,CISO,23426.0,-55.0,3640.0,1598.0,19841.0,18243.0
2025-04-13 03:00:00-05:00,CISO,22322.0,-54.0,3778.0,1329.0,18598.0,17269.0
2025-04-13 04:00:00-05:00,CISO,21627.0,-53.0,4108.0,1135.0,17572.0,16437.0
2025-04-13 05:00:00-05:00,CISO,20797.0,-54.0,4023.0,1135.0,16828.0,15693.0
2025-04-13 06:00:00-05:00,CISO,20013.0,-54.0,4223.0,1135.0,15844.0,14709.0
2025-04-13 07:00:00-05:00,CISO,19424.0,-53.0,3844.0,1134.0,15633.0,14499.0
2025-04-13 08:00:00-05:00,CISO,19063.0,-54.0,3363.0,1134.0,15754.0,14620.0
2025-04-13 09:00:00-05:00,CISO,19394.0,-54.0,2921.0,1134.0,16527.0,15393.0
2025-04-13 10:00:00-05:00,CISO,19684.0,432.0,2540.0,1135.0,16712.0,15577.0
2025-04-13 11:00:00-05:00,CISO,19536.0,6269.0,2335.0,1135.0,10932.0,9797.0
2025-04-13 12:00:00-05:00,CISO,21199.0,13057.0,2086.0,1135.0,6056.0,4921.0
2025-04-13 13:00:00-05:00,CISO,22064.0,15010.0,1670.0,1136.0,5384.0,4248.0
2025-04-13 14:00:00-05:00,CISO,21233.0,15590.0,1404.0,1137.0,4239.0,3102.0
2025-04-13 15:00:00-05:00,CISO,20268.0,14460.0,1516.0,1137.0,4292.0,3155.0
2025-04-13 16:00:00-05:00,CISO,19772.0,13509.0,1551.0,1137.0,4712.0,3575.0
2025-04-13 17:00:00-05:00,CISO,19042.0,12731.0,1536.0,1136.0,4775.0,3639.0
2025-04-13 18:00:00-05:00,CISO,18528.0,12821.0,1486.0,1136.0,4221.0,3085.0
2025-04-13 19:00:00-05:00,CISO,18534.0,13312.0,1845.0,1137.0,3377.0,2240.0
2025-04-13 20:00:00-05:00,CISO,19625.0,13070.0,1808.0,1137.0,4747.0,3610.0
2025-04-13 21:00:00-05:00,CISO,21213.0,10850.0,1688.0,1137.0,8675.0,7538.0
2025-04-13 22:00:00-05:00,CISO,23338.0,4406.0,1771.0,1137.0,17161.0,16024.0
2025-04-13 23:00:00-05:00,CISO,25131.0,395.0,2105.0,1136.0,22631.0,21495.0
2025-04-14 00:00:00-05:00,CISO,25440.0,220.0,2129.0,1135.0,23091.0,21956.0
2025-04-14 01:00:00-05:00,CISO,24479.0,4.0,1815.0,1135.0,22660.0,21525.0
2025-04-14 02:00:00-05:00,CISO,23061.0,-52.0,1986.0,1134.0,21127.0,19993.0
2025-04-14 03:00:00-05:00,CISO,21706.0,-50.0,1919.0,1134.0,19837.0,18703.0
2025-04-14 04:00:00-05:00,CISO,21229.0,-50.0,1753.0,1133.0,19526.0,18393.0
2025-04-14 05:00:00-05:00,CISO,20463.0,-50.0,1514.0,1134.0,18999.0,17865.0
2025-04-14 06:00:00-05:00,CISO,20076.0,-50.0,1431.0,1134.0,18695.0,17561.0
2025-04-14 07:00:00-05:00,CISO,19796.0,-50.0,1382.0,1133.0,18464.0,17331.0
2025-04-14 08:00:00-05:00,CISO,20107.0,-49.0,1337.0,1133.0,18819.0,17686.0
2025-04-14 09:00:00-05:00,CISO,20960.0,-49.0,1384.0,1133.0,19625.0,18492.0
2025-04-14 10:00:00-05:00,CISO,22488.0,544.0,1343.0,1134.0,20601.0,19467.0
2025-04-14 11:00:00-05:00,CISO,23415.0,5256.0,1217.0,1133.0,16942.0,15809.0
2025-04-14 12:00:00-05:00,CISO,24548.0,11310.0,1037.0,1133.0,12201.0,11068.0
2025-04-14 13:00:00-05:00,CISO,24167.0,13474.0,920.0,1134.0,9773.0,8639.0
2025-04-14 14:00:00-05:00,CISO,24782.0,15688.0,1058.0,1135.0,8036.0,6901.0
2025-04-14 15:00:00-05:00,CISO,23988.0,14800.0,1218.0,1134.0,7970.0,6836.0
2025-04-14 16:00:00-05:00,CISO,23729.0,14526.0,1080.0,1133.0,8123.0,6990.0
2025-04-14 17:00:00-05:00,CISO,24399.0,15253.0,978.0,1134.0,8168.0,7034.0
2025-04-14 18:00:00-05:00,CISO,24770.0,15252.0,898.0,1133.0,8620.0,7487.0
2025-04-14 19:00:00-05:00,CISO,23388.0,13206.0,1166.0,1132.0,9016.0,7884.0
2025-04-14 20:00:00-05:00,CISO,23170.0,12329.0,1323.0,1132.0,9518.0,8386.0
2025-04-14 21:00:00-05:00,CISO,24206.0,9754.0,2073.0,1133.0,12379.0,11246.0
2025-04-14 22:00:00-05:00,CISO,25222.0,3769.0,2011.0,1133.0,19442.0,18309.0
2025-04-14 23:00:00-05:00,CISO,26418.0,92.0,2033.0,1133.0,24293.0,23160.0
2025-04-15 00:00:00-05:00,CISO,26411.0,-70.0,2288.0,1133.0,24193.0,23060.0
2025-04-15 01:00:00-05:00,CISO,25499.0,-66.0,2293.0,1134.0,23272.0,22138.0
2025-04-15 02:00:00-05:00,CISO,24264.0,-64.0,2283.0,1135.0,22045.0,20910.0
2025-04-15 03:00:00-05:00,CISO,23286.0,-66.0,2185.0,1134.0,21167.0,20033.0
2025-04-15 04:00:00-05:00,CISO,22278.0,-66.0,2033.0,1134.0,20311.0,19177.0
2025-04-15 05:00:00-05:00,CISO,21511.0,-68.0,2159.0,1135.0,19420.0,18285.0
2025-04-15 06:00:00-05:00,CISO,20958.0,-68.0,2158.0,1134.0,18868.0,17734.0
2025-04-15 07:00:00-05:00,CISO,20519.0,-68.0,2170.0,1134.0,18417.0,17283.0
2025-04-15 08:00:00-05:00,CISO,20625.0,-68.0,2036.0,1134.0,18657.0,17523.0
2025-04-15 09:00:00-05:00,CISO,21810.0,-69.0,1873.0,1134.0,20006.0,18872.0
2025-04-15 10:00:00-05:00,CISO,23170.0,692.0,1747.0,1134.0,20731.0,19597.0
2025-04-15 11:00:00-05:00,CISO,24533.0,7315.0,1500.0,1134.0,15718.0,14584.0
2025-04-15 12:00:00-05:00,CISO,26091.0,14431.0,1408.0,1134.0,10252.0,9118.0
2025-04-15 13:00:00-05:00,CISO,26873.0,16469.0,1612.0,1135.0,8792.0,7657.0
2025-04-15 14:00:00-05:00,CISO,26305.0,17399.0,1716.0,1134.0,7190.0,6056.0
2025-04-15 15:00:00-05:00,CISO,25641.0,17215.0,1738.0,1134.0,6688.0,5554.0
2025-04-15 16:00:00-05:00,CISO,24722.0,17325.0,1821.0,1135.0,5576.0,4441.0
2025-04-15 17:00:00-05:00,CISO,24285.0,16983.0,1911.0,1133.0,5391.0,4258.0
2025-04-15 18:00:00-05:00,CISO,24220.0,16660.0,1972.0,1133.0,5588.0,4455.0
2025-04-15 19:00:00-05:00,CISO,23627.0,15171.0,2271.0,1133.0,6185.0,5052.0
2025-04-15 20:00:00-05:00,CISO,24181.0,13354.0,2847.0,1133.0,7980.0,6847.0
2025-04-15 21:00:00-05:00,CISO,23817.0,9791.0,3021.0,1133.0,11005.0,9872.0
2025-04-15 22:00:00-05:00,CISO,25269.0,3295.0,2814.0,1133.0,19160.0,18027.0
2025-04-15 23:00:00-05:00,CISO,26150.0,96.0,2829.0,1134.0,23225.0,22091.0
2025-04-16 00:00:00-05:00,CISO,26267.0,-50.0,2929.0,1134.0,23388.0,22254.0
2025-04-16 01:00:00-05:00,CISO,25832.0,-45.0,2924.0,1134.0,22953.0,21819.0
2025-04-16 02:00:00-05:00,CISO,24150.0,-44.0,2781.0,1135.0,21413.0,20278.0
2025-04-16 03:00:00-05:00,CISO,23000.0,-44.0,2767.0,1135.0,20277.0,19142.0
2025-04-16 04:00:00-05:00,CISO,22065.0,-45.0,2904.0,1134.0,19206.0,18072.0
2025-04-16 05:00:00-05:00,CISO,21368.0,-45.0,2741.0,1134.0,18672.0,17538.0
2025-04-16 06:00:00-05:00,CISO,20749.0,-46.0,2655.0,1134.0,18140.0,17006.0
2025-04-16 07:00:00-05:00,CISO,20682.0,-46.0,2774.0,1134.0,17954.0,16820.0
2025-04-16 08:00:00-05:00,CISO,21162.0,-47.0,3262.0,1134.0,17947.0,16813.0
2025-04-16 09:00:00-05:00,CISO,21707.0,-46.0,3337.0,1135.0,18416.0,17281.0
2025-04-16 10:00:00-05:00,CISO,23056.0,671.0,3338.0,1135.0,19047.0,17912.0
2025-04-16 11:00:00-05:00,CISO,24671.0,6671.0,3093.0,1134.0,14907.0,13773.0
2025-04-16 12:00:00-05:00,CISO,25740.0,13202.0,2682.0,1135.0,9856.0,8721.0
2025-04-16 13:00:00-05:00,CISO,26504.0,15150.0,2798.0,1135.0,8556.0,7421.0
2025-04-16 14:00:00-05:00,CISO,26932.0,16662.0,3072.0,1134.0,7198.0,6064.0
2025-04-16 15:00:00-05:00,CISO,26716.0,17289.0,3165.0,1135.0,6262.0,5127.0
2025-04-16 16:00:00-05:00,CISO,26431.0,17465.0,3368.0,1135.0,5598.0,4463.0
2025-04-16 17:00:00-05:00,CISO,25779.0,16683.0,3739.0,1135.0,5357.0,4222.0
2025-04-16 18:00:00-05:00,CISO,24528.0,15892.0,4159.0,1135.0,4477.0,3342.0
2025-04-16 19:00:00-05:00,CISO,23517.0,14919.0,4479.0,1135.0,4119.0,2984.0
2025-04-16 20:00:00-05:00,CISO,23128.0,13077.0,4599.0,1135.0,5452.0,4317.0
2025-04-16 21:00:00-05:00,CISO,23204.0,9849.0,4732.0,1135.0,8623.0,7488.0
2025-04-16 22:00:00-05:00,CISO,24198.0,3560.0,5103.0,1134.0,15535.0,14401.0
2025-04-16 23:00:00-05:00,CISO,25757.0,238.0,5290.0,1134.0,20229.0,19095.0
2025-04-17 00:00:00-05:00,CISO,26144.0,20.0,5149.0,1134.0,20975.0,19841.0
2025-04-17 01:00:00-05:00,CISO,25604.0,12.0,4967.0,1134.0,20625.0,19491.0
2025-04-17 02:00:00-05:00,CISO,24497.0,14.0,4927.0,1134.0,19556.0,18422.0
2025-04-17 03:00:00-05:00,CISO,23188.0,15.0,5113.0,1137.0,18060.0,16923.0
2025-04-17 04:00:00-05:00,CISO,22271.0,15.0,5066.0,1137.0,17190.0,16053.0
2025-04-17 05:00:00-05:00,CISO,21272.0,16.0,4747.0,1135.0,16509.0,15374.0
2025-04-17 06:00:00-05:00,CISO,20637.0,15.0,4379.0,1134.0,16243.0,15109.0
2025-04-17 07:00:00-05:00,CISO,20286.0,13.0,4451.0,1134.0,15822.0,14688.0
2025-04-17 08:00:00-05:00,CISO,20477.0,14.0,4360.0,1133.0,16103.0,14970.0
2025-04-17 09:00:00-05:00,CISO,21660.0,14.0,4222.0,1134.0,17424.0,16290.0
2025-04-17 10:00:00-05:00,CISO,23102.0,715.0,4364.0,1134.0,18023.0,16889.0
2025-04-17 11:00:00-05:00,CISO,25780.0,6044.0,4305.0,1134.0,15431.0,14297.0
2025-04-17 12:00:00-05:00,CISO,27277.0,10717.0,4478.0,1134.0,12082.0,10948.0
2025-04-17 13:00:00-05:00,CISO,28038.0,13258.0,4749.0,1135.0,10031.0,8896.0
2025-04-17 14:00:00-05:00,CISO,27733.0,14786.0,4757.0,1135.0,8190.0,7055.0
2025-04-17 15:00:00-05:00,CISO,27223.0,15556.0,4704.0,1134.0,6963.0,5829.0
2025-04-17 16:00:00-05:00,CISO,26848.0,15256.0,4702.0,1134.0,6890.0,5756.0
2025-04-17 17:00:00-05:00,CISO,25882.0,14747.0,4748.0,1135.0,6387.0,5252.0
2025-04-17 18:00:00-05:00,CISO,25128.0,13891.0,4513.0,1134.0,6724.0,5590.0
2025-04-17 19:00:00-05:00,CISO,24393.0,13194.0,4304.0,1134.0,6895.0,5761.0
2025-04-17 20:00:00-05:00,CISO,23622.0,12503.0,4066.0,1135.0,7053.0,5918.0
2025-04-17 21:00:00-05:00,CISO,22938.0,8757.0,4229.0,1135.0,9952.0,8817.0
2025-04-17 22:00:00-05:00,CISO,24129.0,3024.0,4373.0,1135.0,16732.0,15597.0
2025-04-17 23:00:00-05:00,CISO,25116.0,96.0,4893.0,1135.0,20127.0,18992.0
2025-04-18 00:00:00-05:00,CISO,25353.0,-44.0,5267.0,1135.0,20130.0,18995.0
2025-04-18 01:00:00-05:00,CISO,25135.0,-48.0,5526.0,1134.0,19657.0,18523.0
2025-04-18 02:00:00-05:00,CISO,24201.0,-47.0,5825.0,1134.0,18423.0,17289.0
2025-04-18 03:00:00-05:00,CISO,22847.0,-48.0,5777.0,1134.0,17118.0,15984.0
2025-04-18 04:00:00-05:00,CISO,22523.0,-49.0,5798.0,1134.0,16774.0,15640.0
2025-04-18 05:00:00-05:00,CISO,21750.0,-50.0,5568.0,1134.0,16232.0,15098.0
2025-04-18 06:00:00-05:00,CISO,20950.0,-51.0,5286.0,1134.0,15715.0,14581.0
2025-04-18 07:00:00-05:00,CISO,20506.0,-51.0,5144.0,1134.0,15413.0,14279.0
2025-04-18 08:00:00-05:00,CISO,20680.0,-52.0,4890.0,1134.0,15842.0,14708.0
2025-04-18 09:00:00-05:00,CISO,21733.0,-52.0,4689.0,1135.0,17096.0,15961.0
2025-04-18 10:00:00-05:00,CISO,22967.0,771.0,4517.0,1134.0,17679.0,16545.0
2025-04-18 11:00:00-05:00,CISO,24740.0,6737.0,4433.0,1135.0,13570.0,12435.0
2025-04-18 12:00:00-05:00,CISO,25923.0,12282.0,3990.0,1135.0,9651.0,8516.0
2025-04-18 13:00:00-05:00,CISO,26275.0,12884.0,3872.0,1135.0,9519.0,8384.0
2025-04-18 14:00:00-05:00,CISO,26010.0,15079.0,3548.0,1134.0,7383.0,6249.0
2025-04-18 15:00:00-05:00,CISO,25228.0,15753.0,3118.0,1133.0,6357.0,5224.0
2025-04-18 16:00:00-05:00,CISO,24326.0,16307.0,3597.0,1134.0,4422.0,3288.0
2025-04-18 17:00:00-05:00,CISO,23443.0,15948.0,3995.0,1134.0,3500.0,2366.0
2025-04-18 18:00:00-05:00,CISO,22640.0,15030.0,4248.0,1133.0,3362.0,2229.0
2025-04-18 19:00:00-05:00,CISO,21238.0,13381.0,4783.0,1134.0,3074.0,1940.0
2025-04-18 20:00:00-05:00,CISO,21550.0,11555.0,5387.0,1135.0,4608.0,3473.0
2025-04-18 21:00:00-05:00,CISO,23633.0,10463.0,5510.0,1135.0,7660.0,6525.0
2025-04-18 22:00:00-05:00,CISO,23632.0,4241.0,5524.0,1135.0,13867.0,12732.0
2025-04-18 23:00:00-05:00,CISO,24919.0,211.0,5534.0,1135.0,19174.0,18039.0
2025-04-19 00:00:00-05:00,CISO,25324.0,6.0,4995.0,1135.0,20323.0,19188.0
2025-04-19 01:00:00-05:00,CISO,25109.0,12.0,3877.0,1133.0,21220.0,20087.0
2025-04-19 02:00:00-05:00,CISO,23775.0,13.0,3176.0,1133.0,20586.0,19453.0
2025-04-19 03:00:00-05:00,CISO,22302.0,13.0,2855.0,1134.0,19434.0,18300.0
2025-04-19 04:00:00-05:00,CISO,21976.0,13.0,2235.0,1134.0,19728.0,18594.0
2025-04-19 05:00:00-05:00,CISO,21252.0,13.0,2068.0,1134.0,19171.0,18037.0
2025-04-19 06:00:00-05:00,CISO,20725.0,14.0,1981.0,1135.0,18730.0,17595.0
2025-04-19 07:00:00-05:00,CISO,20402.0,13.0,1823.0,1135.0,18566.0,17431.0
2025-04-19 08:00:00-05:00,CISO,20140.0,13.0,1335.0,1135.0,18792.0,17657.0
2025-04-19 09:00:00-05:00,CISO,20597.0,11.0,1219.0,1135.0,19367.0,18232.0
2025-04-19 10:00:00-05:00,CISO,21027.0,1174.0,1153.0,1135.0,18700.0,17565.0
2025-04-19 11:00:00-05:00,CISO,21853.0,8453.0,1137.0,1135.0,12263.0,11128.0
2025-04-19 12:00:00-05:00,CISO,22406.0,13354.0,1154.0,1134.0,7898.0,6764.0
2025-04-19 13:00:00-05:00,CISO,21893.0,14325.0,1204.0,1134.0,6364.0,5230.0
2025-04-19 14:00:00-05:00,CISO,20407.0,13630.0,1137.0,1134.0,5640.0,4506.0
2025-04-19 15:00:00-05:00,CISO,19687.0,12909.0,890.0,1134.0,5888.0,4754.0
2025-04-19 16:00:00-05:00,CISO,19161.0,12475.0,850.0,1134.0,5836.0,4702.0
2025-04-19 17:00:00-05:00,CISO,18749.0,12052.0,875.0,1135.0,5822.0,4687.0
2025-04-19 18:00:00-05:00,CISO,17886.0,11170.0,928.0,1135.0,5788.0,4653.0
2025-04-19 19:00:00-05:00,CISO,18025.0,11626.0,1072.0,1135.0,5327.0,4192.0
2025-04-19 20:00:00-05:00,CISO,18927.0,12485.0,1302.0,1135.0,5140.0,4005.0
2025-04-19 21:00:00-05:00,CISO,20731.0,11459.0,1918.0,1135.0,7354.0,6219.0
2025-04-19 22:00:00-05:00,CISO,22302.0,5884.0,2517.0,1134.0,13901.0,12767.0
2025-04-19 23:00:00-05:00,CISO,23722.0,298.0,2935.0,1134.0,20489.0,19355.0
2025-04-20 00:00:00-05:00,CISO,23868.0,7.0,3028.0,1133.0,20833.0,19700.0
2025-04-20 01:00:00-05:00,CISO,23312.0,11.0,3139.0,1134.0,20162.0,19028.0
2025-04-20 02:00:00-05:00,CISO,22430.0,12.0,3178.0,1134.0,19240.0,18106.0
2025-04-20 03:00:00-05:00,CISO,21321.0,10.0,3318.0,1134.0,17993.0,16859.0
2025-04-20 04:00:00-05:00,CISO,21053.0,12.0,2958.0,1134.0,18083.0,16949.0
2025-04-20 05:00:00-05:00,CISO,20724.0,12.0,3030.0,1134.0,17682.0,16548.0
2025-04-20 06:00:00-05:00,CISO,20022.0,12.0,3076.0,1135.0,16934.0,15799.0
2025-04-20 07:00:00-05:00,CISO,19731.0,12.0,3048.0,1135.0,16671.0,15536.0
2025-04-20 08:00:00-05:00,CISO,19500.0,11.0,2690.0,1134.0,16799.0,15665.0
2025-04-20 09:00:00-05:00,CISO,19723.0,11.0,2227.0,1134.0,17485.0,16351.0
2025-04-20 10:00:00-05:00,CISO,19872.0,1249.0,1817.0,1134.0,16806.0,15672.0
2025-04-20 11:00:00-05:00,CISO,20915.0,8551.0,1336.0,1134.0,11028.0,9894.0
2025-04-20 12:00:00-05:00,CISO,21576.0,12369.0,983.0,1134.0,8224.0,7090.0
2025-04-20 13:00:00-05:00,CISO,20570.0,13302.0,816.0,1134.0,6452.0,5318.0
2025-04-20 14:00:00-05:00,CISO,19716.0,13554.0,760.0,1134.0,5402.0,4268.0
2025-04-20 15:00:00-05:00,CISO,18365.0,13554.0,741.0,1134.0,4070.0,2936.0
2025-04-20 16:00:00-05:00,CISO,17173.0,12000.0,723.0,1134.0,4450.0,3316.0
2025-04-20 17:00:00-05:00,CISO,16632.0,10219.0,784.0,1134.0,5629.0,4495.0
2025-04-20 18:00:00-05:00,CISO,16129.0,10297.0,792.0,1135.0,5040.0,3905.0
2025-04-20 19:00:00-05:00,CISO,16514.0,11225.0,921.0,1135.0,4368.0,3233.0
2025-04-20 20:00:00-05:00,CISO,18010.0,11945.0,1247.0,1135.0,4818.0,3683.0
2025-04-20 21:00:00-05:00,CISO,19922.0,11740.0,1625.0,1136.0,6557.0,5421.0
2025-04-20 22:00:00-05:00,CISO,21433.0,5295.0,1747.0,1135.0,14391.0,13256.0
2025-04-20 23:00:00-05:00,CISO,23234.0,298.0,2125.0,1134.0,20811.0,19677.0
2025-04-21 00:00:00-05:00,CISO,23762.0,7.0,2205.0,1135.0,21550.0,20415.0
2025-04-21 01:00:00-05:00,CISO,23555.0,12.0,2400.0,1135.0,21143.0,20008.0
2025-04-21 02:00:00-05:00,CISO,22474.0,15.0,2650.0,1135.0,19809.0,18674.0
2025-04-21 03:00:00-05:00,CISO,21387.0,16.0,2873.0,1135.0,18498.0,17363.0
2025-04-21 04:00:00-05:00,CISO,20615.0,16.0,2958.0,1135.0,17641.0,16506.0
2025-04-21 05:00:00-05:00,CISO,20909.0,16.0,3091.0,1136.0,17802.0,16666.0
2025-04-21 06:00:00-05:00,CISO,20092.0,16.0,2939.0,1136.0,17137.0,16001.0
2025-04-21 07:00:00-05:00,CISO,19804.0,15.0,2733.0,1136.0,17056.0,15920.0
2025-04-21 08:00:00-05:00,CISO,20068.0,15.0,2784.0,1136.0,17269.0,16133.0
2025-04-21 09:00:00-05:00,CISO,21231.0,15.0,2754.0,1135.0,18462.0,17327.0
2025-04-21 10:00:00-05:00,CISO,22023.0,1110.0,2270.0,1135.0,18643.0,17508.0
2025-04-21 11:00:00-05:00,CISO,23664.0,8425.0,1753.0,1135.0,13486.0,12351.0
2025-04-21 12:00:00-05:00,CISO,24295.0,14314.0,1083.0,1135.0,8898.0,7763.0
2025-04-21 13:00:00-05:00,CISO,23540.0,15889.0,712.0,1136.0,6939.0,5803.0
2025-04-21 14:00:00-05:00,CISO,23143.0,17271.0,552.0,1135.0,5320.0,4185.0
2025-04-21 15:00:00-05:00,CISO,22361.0,17383.0,578.0,1134.0,4400.0,3266.0
2025-04-21 16:00:00-05:00,CISO,22123.0,17458.0,525.0,1135.0,4140.0,3005.0
2025-04-21 17:00:00-05:00,CISO,22483.0,16770.0,698.0,1135.0,5015.0,3880.0
2025-04-21 18:00:00-05:00,CISO,22083.0,16224.0,991.0,1135.0,4868.0,3733.0
2025-04-21 19:00:00-05:00,CISO,21733.0,15635.0,1485.0,1134.0,4613.0,3479.0
2025-04-21 20:00:00-05:00,CISO,22162.0,14421.0,1979.0,1135.0,5762.0,4627.0
2025-04-21 21:00:00-05:00,CISO,23734.0,12812.0,2422.0,1135.0,8500.0,7365.0
2025-04-21 22:00:00-05:00,CISO,25637.0,5626.0,2664.0,1134.0,17347.0,16213.0
2025-04-21 23:00:00-05:00,CISO,26869.0,279.0,2711.0,1135.0,23879.0,22744.0
2025-04-22 00:00:00-05:00,CISO,27048.0,-61.0,2918.0,1135.0,24191.0,23056.0
2025-04-22 01:00:00-05:00,CISO,26260.0,-56.0,3058.0,1135.0,23258.0,22123.0
2025-04-22 02:00:00-05:00,CISO,24796.0,-54.0,3120.0,1135.0,21730.0,20595.0
2025-04-22 03:00:00-05:00,CISO,23202.0,-53.0,3106.0,1135.0,20149.0,19014.0
2025-04-22 04:00:00-05:00,CISO,22241.0,-53.0,3199.0,1135.0,19095.0,17960.0
2025-04-22 05:00:00-05:00,CISO,21395.0,-53.0,3377.0,1135.0,18071.0,16936.0
2025-04-22 06:00:00-05:00,CISO,20716.0,-53.0,3401.0,1134.0,17368.0,16234.0
2025-04-22 07:00:00-05:00,CISO,20288.0,-52.0,3306.0,1134.0,17034.0,15900.0
2025-04-22 08:00:00-05:00,CISO,20749.0,-52.0,2989.0,1134.0,17812.0,16678.0
2025-04-22 09:00:00-05:00,CISO,21756.0,-51.0,2425.0,1135.0,19382.0,18247.0
2025-04-22 10:00:00-05:00,CISO,22829.0,1244.0,1963.0,1135.0,19622.0,18487.0
2025-04-22 11:00:00-05:00,CISO,24115.0,9231.0,1549.0,1134.0,13335.0,12201.0
2025-04-22 12:00:00-05:00,CISO,23701.0,14828.0,1260.0,1134.0,7613.0,6479.0
2025-04-22 13:00:00-05:00,CISO,23032.0,15676.0,922.0,1134.0,6434.0,5300.0
2025-04-22 14:00:00-05:00,CISO,22049.0,16731.0,581.0,1134.0,4737.0,3603.0
2025-04-22 15:00:00-05:00,CISO,21557.0,16768.0,501.0,1133.0,4288.0,3155.0
2025-04-22 16:00:00-05:00,CISO,21084.0,17177.0,652.0,1134.0,3255.0,2121.0
2025-04-22 17:00:00-05:00,CISO,22090.0,17135.0,993.0,1134.0,3962.0,2828.0
2025-04-22 18:00:00-05:00,CISO,22038.0,16751.0,1659.0,1133.0,3628.0,2495.0
2025-04-22 19:00:00-05:00,CISO,22677.0,16356.0,2590.0,1133.0,3731.0,2598.0
2025-04-22 20:00:00-05:00,CISO,23288.0,15760.0,3179.0,1134.0,4349.0,3215.0
2025-04-22 21:00:00-05:00,CISO,23697.0,12895.0,3261.0,1135.0,7541.0,6406.0
2025-04-22 22:00:00-05:00,CISO,25280.0,5099.0,3224.0,1134.0,16957.0,15823.0
2025-04-22 23:00:00-05:00,CISO,26484.0,286.0,3158.0,1134.0,23040.0,21906.0
2025-04-23 00:00:00-05:00,CISO,26983.0,-13.0,3415.0,1135.0,23581.0,22446.0
2025-04-23 01:00:00-05:00,CISO,26147.0,-8.0,3695.0,1135.0,22460.0,21325.0
2025-04-23 02:00:00-05:00,CISO,24590.0,-5.0,3816.0,1135.0,20779.0,19644.0
2025-04-23 03:00:00-05:00,CISO,23066.0,-5.0,3836.0,1135.0,19235.0,18100.0
2025-04-23 04:00:00-05:00,CISO,22357.0,-5.0,3778.0,1134.0,18584.0,17450.0
2025-04-23 05:00:00-05:00,CISO,21686.0,-6.0,4043.0,1134.0,17649.0,16515.0
2025-04-23 06:00:00-05:00,CISO,21467.0,-6.0,4129.0,1134.0,17344.0,16210.0
2025-04-23 07:00:00-05:00,CISO,20814.0,-6.0,4243.0,1133.0,16577.0,15444.0
2025-04-23 08:00:00-05:00,CISO,21062.0,-6.0,4384.0,1133.0,16684.0,15551.0
2025-04-23 09:00:00-05:00,CISO,22262.0,-4.0,4466.0,1134.0,17800.0,16666.0
2025-04-23 10:00:00-05:00,CISO,23518.0,1304.0,4245.0,1134.0,17969.0,16835.0
2025-04-23 11:00:00-05:00,CISO,24908.0,9272.0,4149.0,1134.0,11487.0,10353.0
2025-04-23 12:00:00-05:00,CISO,25857.0,15083.0,4141.0,1134.0,6633.0,5499.0
2025-04-23 13:00:00-05:00,CISO,25389.0,16044.0,4119.0,1134.0,5226.0,4092.0
2025-04-23 14:00:00-05:00,CISO,25301.0,17140.0,4125.0,1134.0,4036.0,2902.0
2025-04-23 15:00:00-05:00,CISO,24436.0,17057.0,4238.0,1134.0,3141.0,2007.0
2025-04-23 16:00:00-05:00,CISO,23427.0,16527.0,4467.0,1134.0,2433.0,1299.0
2025-04-23 17:00:00-05:00,CISO,23417.0,16657.0,4813.0,1134.0,1947.0,813.0
2025-04-23 18:00:00-05:00,CISO,22657.0,15433.0,4908.0,1134.0,2316.0,1182.0
2025-04-23 19:00:00-05:00,CISO,21419.0,13961.0,4651.0,1134.0,2807.0,1673.0
2025-04-23 20:00:00-05:00,CISO,21736.0,13429.0,4645.0,1134.0,3662.0,2528.0
2025-04-23 21:00:00-05:00,CISO,23048.0,11990.0,4946.0,1135.0,6112.0,4977.0
2025-04-23 22:00:00-05:00,CISO,24766.0,5045.0,4998.0,1134.0,14723.0,13589.0
2025-04-23 23:00:00-05:00,CISO,26448.0,346.0,4847.0,1134.0,21255.0,20121.0
2025-04-24 00:00:00-05:00,CISO,26559.0,-30.0,4749.0,1134.0,21840.0,20706.0
2025-04-24 01:00:00-05:00,CISO,25774.0,-52.0,5172.0,1135.0,20654.0,19519.0
2025-04-24 02:00:00-05:00,CISO,24409.0,-50.0,5443.0,1136.0,19016.0,17880.0
2025-04-24 03:00:00-05:00,CISO,22913.0,-50.0,5476.0,1137.0,17487.0,16350.0
2025-04-24 04:00:00-05:00,CISO,22559.0,-54.0,5507.0,1135.0,17106.0,15971.0
2025-04-24 05:00:00-05:00,CISO,21770.0,-55.0,5339.0,1134.0,16486.0,15352.0
2025-04-24 06:00:00-05:00,CISO,21277.0,-55.0,5053.0,1135.0,16279.0,15144.0
2025-04-24 07:00:00-05:00,CISO,20877.0,-53.0,4631.0,1135.0,16299.0,15164.0
2025-04-24 08:00:00-05:00,CISO,21059.0,-53.0,4445.0,1135.0,16667.0,15532.0
2025-04-24 09:00:00-05:00,CISO,22157.0,-52.0,4438.0,1135.0,17771.0,16636.0
2025-04-24 10:00:00-05:00,CISO,23505.0,1368.0,4509.0,1135.0,17628.0,16493.0
2025-04-24 11:00:00-05:00,CISO,25004.0,9460.0,3920.0,1135.0,11624.0,10489.0
2025-04-24 12:00:00-05:00,CISO,25782.0,15611.0,3084.0,1135.0,7087.0,5952.0
2025-04-24 13:00:00-05:00,CISO,25516.0,17174.0,2509.0,1136.0,5833.0,4697.0
2025-04-24 14:00:00-05:00,CISO,25103.0,17917.0,2795.0,1135.0,4391.0,3256.0
2025-04-24 15:00:00-05:00,CISO,24188.0,17805.0,2851.0,1134.0,3532.0,2398.0
2025-04-24 16:00:00-05:00,CISO,23320.0,17757.0,2520.0,1133.0,3043.0,1910.0
2025-04-24 17:00:00-05:00,CISO,22733.0,17165.0,2763.0,1133.0,2805.0,1672.0
2025-04-24 18:00:00-05:00,CISO,22259.0,16698.0,3016.0,1134.0,2545.0,1411.0
2025-04-24 19:00:00-05:00,CISO,21983.0,15524.0,3368.0,1134.0,3091.0,1957.0
2025-04-24 20:00:00-05:00,CISO,23046.0,14537.0,3675.0,1134.0,4834.0,3700.0
2025-04-24 21:00:00-05:00,CISO,23261.0,11037.0,3638.0,1135.0,8586.0,7451.0
2025-04-24 22:00:00-05:00,CISO,24593.0,4134.0,3600.0,1134.0,16859.0,15725.0
2025-04-24 23:00:00-05:00,CISO,25566.0,172.0,3815.0,1134.0,21579.0,20445.0
2025-04-25 00:00:00-05:00,CISO,25900.0,-60.0,3692.0,1134.0,22268.0,21134.0
2025-04-25 01:00:00-05:00,CISO,25417.0,-56.0,3365.0,1134.0,22108.0,20974.0
2025-04-25 02:00:00-05:00,CISO,24441.0,-53.0,3480.0,1134.0,21014.0,19880.0
2025-04-25 03:00:00-05:00,CISO,23325.0,-53.0,3692.0,1134.0,19686.0,18552.0
2025-04-25 04:00:00-05:00,CISO,22862.0,-52.0,3768.0,1134.0,19146.0,18012.0
2025-04-25 05:00:00-05:00,CISO,21935.0,-52.0,3542.0,1135.0,18445.0,17310.0
2025-04-25 06:00:00-05:00,CISO,21118.0,-52.0,3785.0,1135.0,17385.0,16250.0
2025-04-25 07:00:00-05:00,CISO,21079.0,-52.0,3801.0,1135.0,17330.0,16195.0
2025-04-25 08:00:00-05:00,CISO,21163.0,-53.0,3510.0,1136.0,17706.0,16570.0
2025-04-25 09:00:00-05:00,CISO,21967.0,-52.0,3213.0,1135.0,18806.0,17671.0
2025-04-25 10:00:00-05:00,CISO,23318.0,1327.0,3022.0,1135.0,18969.0,17834.0
2025-04-25 11:00:00-05:00,CISO,24680.0,7814.0,2820.0,1135.0,14046.0,12911.0
2025-04-25 12:00:00-05:00,CISO,26046.0,12310.0,2985.0,1136.0,10751.0,9615.0
2025-04-25 13:00:00-05:00,CISO,26853.0,14163.0,2898.0,1136.0,9792.0,8656.0
2025-04-25 14:00:00-05:00,CISO,26135.0,14608.0,2698.0,1135.0,8829.0,7694.0
2025-04-25 15:00:00-05:00,CISO,26374.0,16843.0,2731.0,1135.0,6800.0,5665.0
2025-04-25 16:00:00-05:00,CISO,25904.0,17285.0,2715.0,1135.0,5904.0,4769.0
2025-04-25 17:00:00-05:00,CISO,24817.0,16937.0,2868.0,1134.0,5012.0,3878.0
2025-04-25 18:00:00-05:00,CISO,25610.0,16997.0,2961.0,1133.0,5652.0,4519.0
2025-04-25 19:00:00-05:00,CISO,24710.0,15678.0,3453.0,1134.0,5579.0,4445.0
2025-04-25 20:00:00-05:00,CISO,23118.0,13769.0,3387.0,1134.0,5962.0,4828.0
2025-04-25 21:00:00-05:00,CISO,22633.0,10535.0,3403.0,1134.0,8695.0,7561.0
2025-04-25 22:00:00-05:00,CISO,23515.0,4080.0,3555.0,1134.0,15880.0,14746.0
2025-04-25 23:00:00-05:00,CISO,24823.0,297.0,3367.0,1134.0,21159.0,20025.0
2025-04-26 00:00:00-05:00,CISO,25368.0,-12.0,3189.0,1134.0,22191.0,21057.0
2025-04-26 01:00:00-05:00,CISO,25033.0,-9.0,2889.0,1134.0,22153.0,21019.0
2025-04-26 02:00:00-05:00,CISO,24301.0,-6.0,2795.0,1134.0,21512.0,20378.0
2025-04-26 03:00:00-05:00,CISO,22992.0,-5.0,2536.0,1134.0,20461.0,19327.0
2025-04-26 04:00:00-05:00,CISO,22304.0,-5.0,2482.0,1134.0,19827.0,18693.0
2025-04-26 05:00:00-05:00,CISO,21672.0,-6.0,2239.0,1133.0,19439.0,18306.0
2025-04-26 06:00:00-05:00,CISO,20807.0,-5.0,2036.0,1132.0,18776.0,17644.0
2025-04-26 07:00:00-05:00,CISO,20141.0,-6.0,1851.0,1134.0,18296.0,17162.0
2025-04-26 08:00:00-05:00,CISO,20100.0,-6.0,1728.0,1134.0,18378.0,17244.0
2025-04-26 09:00:00-05:00,CISO,20514.0,-15.0,1645.0,1133.0,18884.0,17751.0
2025-04-26 10:00:00-05:00,CISO,21155.0,1371.0,1830.0,1133.0,17954.0,16821.0
2025-04-26 11:00:00-05:00,CISO,22637.0,7614.0,2021.0,1134.0,13002.0,11868.0
2025-04-26 12:00:00-05:00,CISO,23791.0,10816.0,2104.0,1134.0,10871.0,9737.0
2025-04-26 13:00:00-05:00,CISO,23270.0,11388.0,2296.0,1134.0,9586.0,8452.0
2025-04-26 14:00:00-05:00,CISO,22758.0,12267.0,2261.0,1134.0,8230.0,7096.0
2025-04-26 15:00:00-05:00,CISO,23575.0,13492.0,2102.0,1135.0,7981.0,6846.0
2025-04-26 16:00:00-05:00,CISO,23450.0,13940.0,2349.0,1134.0,7161.0,6027.0
2025-04-26 17:00:00-05:00,CISO,22550.0,13876.0,2816.0,1133.0,5858.0,4725.0
2025-04-26 18:00:00-05:00,CISO,21640.0,12701.0,2520.0,1133.0,6419.0,5286.0
2025-04-26 19:00:00-05:00,CISO,21751.0,11935.0,2814.0,1133.0,7002.0,5869.0
2025-04-26 20:00:00-05:00,CISO,20879.0,11176.0,2772.0,1133.0,6931.0,5798.0
2025-04-26 21:00:00-05:00,CISO,21262.0,8908.0,2570.0,1133.0,9784.0,8651.0
2025-04-26 22:00:00-05:00,CISO,21775.0,3354.0,2991.0,1134.0,15430.0,14296.0
2025-04-26 23:00:00-05:00,CISO,23190.0,145.0,2848.0,1134.0,20197.0,19063.0
2025-04-27 00:00:00-05:00,CISO,23653.0,-42.0,2703.0,1134.0,20992.0,19858.0
2025-04-27 01:00:00-05:00,CISO,23392.0,-42.0,2471.0,1134.0,20963.0,19829.0
2025-04-27 02:00:00-05:00,CISO,22733.0,-40.0,2443.0,1134.0,20330.0,19196.0
2025-04-27 03:00:00-05:00,CISO,22253.0,-38.0,2500.0,1133.0,19791.0,18658.0
2025-04-27 04:00:00-05:00,CISO,21896.0,-38.0,2433.0,1133.0,19501.0,18368.0
2025-04-27 05:00:00-05:00,CISO,21229.0,-38.0,2668.0,1133.0,18599.0,17466.0
2025-04-27 06:00:00-05:00,CISO,20534.0,-39.0,3032.0,1134.0,17541.0,16407.0
2025-04-27 07:00:00-05:00,CISO,20017.0,-41.0,2596.0,1133.0,17462.0,16329.0
2025-04-27 08:00:00-05:00,CISO,20042.0,-40.0,2284.0,1133.0,17798.0,16665.0
2025-04-27 09:00:00-05:00,CISO,20122.0,-39.0,2266.0,1134.0,17895.0,16761.0
2025-04-27 10:00:00-05:00,CISO,20267.0,1161.0,2506.0,1134.0,16600.0,15466.0
2025-04-27 11:00:00-05:00,CISO,21055.0,6934.0,2365.0,1133.0,11756.0,10623.0
2025-04-27 12:00:00-05:00,CISO,21997.0,9909.0,2116.0,1134.0,9972.0,8838.0
2025-04-27 13:00:00-05:00,CISO,21418.0,11257.0,2399.0,1134.0,7762.0,6628.0
2025-04-27 14:00:00-05:00,CISO,21344.0,11181.0,2711.0,1133.0,7452.0,6319.0
2025-04-27 15:00:00-05:00,CISO,21908.0,12221.0,2632.0,1133.0,7055.0,5922.0
2025-04-27 16:00:00-05:00,CISO,22123.0,12670.0,2869.0,1133.0,6584.0,5451.0
2025-04-27 17:00:00-05:00,CISO,22074.0,12248.0,3068.0,1133.0,6758.0,5625.0
2025-04-27 18:00:00-05:00,CISO,21260.0,12372.0,2950.0,1133.0,5938.0,4805.0
2025-04-27 19:00:00-05:00,CISO,20994.0,12044.0,2988.0,1132.0,5962.0,4830.0
2025-04-27 20:00:00-05:00,CISO,20799.0,9591.0,3110.0,1133.0,8098.0,6965.0
2025-04-27 21:00:00-05:00,CISO,21531.0,8534.0,3235.0,1133.0,9762.0,8629.0
2025-04-27 22:00:00-05:00,CISO,22136.0,3555.0,3310.0,1133.0,15271.0,14138.0
2025-04-27 23:00:00-05:00,CISO,23550.0,179.0,3524.0,1133.0,19847.0,18714.0
2025-04-28 00:00:00-05:00,CISO,24140.0,-49.0,3536.0,1133.0,20653.0,19520.0
2025-04-28 01:00:00-05:00,CISO,23750.0,-46.0,3432.0,1133.0,20364.0,19231.0
2025-04-28 02:00:00-05:00,CISO,22754.0,-43.0,3736.0,1134.0,19061.0,17927.0
2025-04-28 03:00:00-05:00,CISO,21513.0,-42.0,4158.0,1134.0,17397.0,16263.0
2025-04-28 04:00:00-05:00,CISO,21153.0,-41.0,4234.0,1133.0,16960.0,15827.0
2025-04-28 05:00:00-05:00,CISO,20964.0,-40.0,4025.0,1134.0,16979.0,15845.0
2025-04-28 06:00:00-05:00,CISO,20164.0,-40.0,3897.0,1134.0,16307.0,15173.0
2025-04-28 07:00:00-05:00,CISO,19657.0,-41.0,3906.0,1134.0,15792.0,14658.0
2025-04-28 08:00:00-05:00,CISO,19932.0,-41.0,3777.0,1133.0,16196.0,15063.0
2025-04-28 09:00:00-05:00,CISO,21620.0,-39.0,3613.0,1134.0,18046.0,16912.0
2025-04-28 10:00:00-05:00,CISO,23267.0,1644.0,3275.0,1134.0,18348.0,17214.0
2025-04-28 11:00:00-05:00,CISO,24420.0,8802.0,3058.0,1134.0,12560.0,11426.0
2025-04-28 12:00:00-05:00,CISO,24342.0,13470.0,2890.0,1134.0,7982.0,6848.0
2025-04-28 13:00:00-05:00,CISO,23758.0,15391.0,2594.0,1134.0,5773.0,4639.0
2025-04-28 14:00:00-05:00,CISO,24457.0,15513.0,2214.0,1135.0,6730.0,5595.0
2025-04-28 15:00:00-05:00,CISO,23728.0,15748.0,1743.0,1134.0,6237.0,5103.0
2025-04-28 16:00:00-05:00,CISO,23184.0,15828.0,1487.0,1134.0,5869.0,4735.0
2025-04-28 17:00:00-05:00,CISO,22578.0,14968.0,1522.0,1135.0,6088.0,4953.0
2025-04-28 18:00:00-05:00,CISO,21334.0,14256.0,1737.0,1135.0,5341.0,4206.0
2025-04-28 19:00:00-05:00,CISO,21103.0,13242.0,2060.0,1134.0,5801.0,4667.0
2025-04-28 20:00:00-05:00,CISO,21352.0,11695.0,2828.0,1134.0,6829.0,5695.0
2025-04-28 21:00:00-05:00,CISO,22187.0,11449.0,3398.0,1135.0,7340.0,6205.0
2025-04-28 22:00:00-05:00,CISO,23554.0,5868.0,3797.0,1135.0,13889.0,12754.0
2025-04-28 23:00:00-05:00,CISO,25342.0,424.0,3854.0,1134.0,21064.0,19930.0
2025-04-29 00:00:00-05:00,CISO,25826.0,-22.0,3879.0,1134.0,21969.0,20835.0
2025-04-29 01:00:00-05:00,CISO,25149.0,-44.0,3678.0,1134.0,21515.0,20381.0
2025-04-29 02:00:00-05:00,CISO,23917.0,-51.0,3251.0,1134.0,20717.0,19583.0
2025-04-29 03:00:00-05:00,CISO,22570.0,-51.0,2671.0,1134.0,19950.0,18816.0
2025-04-29 04:00:00-05:00,CISO,21860.0,-50.0,2336.0,1134.0,19574.0,18440.0
2025-04-29 05:00:00-05:00,CISO,21130.0,-48.0,2329.0,1134.0,18849.0,17715.0
2025-04-29 06:00:00-05:00,CISO,20555.0,-48.0,2070.0,1134.0,18533.0,17399.0
2025-04-29 07:00:00-05:00,CISO,20577.0,-48.0,1892.0,1134.0,18733.0,17599.0
2025-04-29 08:00:00-05:00,CISO,21039.0,-49.0,1684.0,1134.0,19404.0,18270.0
2025-04-29 09:00:00-05:00,CISO,22014.0,-46.0,1460.0,1134.0,20600.0,19466.0
2025-04-29 10:00:00-05:00,CISO,23437.0,1888.0,1300.0,1134.0,20249.0,19115.0
2025-04-29 11:00:00-05:00,CISO,24357.0,10405.0,1095.0,1134.0,12857.0,11723.0
2025-04-29 12:00:00-05:00,CISO,24265.0,15126.0,1040.0,1134.0,8099.0,6965.0
2025-04-29 13:00:00-05:00,CISO,24212.0,16048.0,878.0,1134.0,7286.0,6152.0
2025-04-29 14:00:00-05:00,CISO,23801.0,15276.0,766.0,1135.0,7759.0,6624.0
2025-04-29 15:00:00-05:00,CISO,23537.0,15832.0,473.0,1135.0,7232.0,6097.0
2025-04-29 16:00:00-05:00,CISO,22816.0,15139.0,568.0,1136.0,7109.0,5973.0
2025-04-29 17:00:00-05:00,CISO,22836.0,15192.0,770.0,1136.0,6874.0,5738.0
2025-04-29 18:00:00-05:00,CISO,21404.0,14836.0,1234.0,1135.0,5334.0,4199.0
2025-04-29 19:00:00-05:00,CISO,21885.0,14443.0,1696.0,1135.0,5746.0,4611.0
2025-04-29 20:00:00-05:00,CISO,21951.0,13339.0,2414.0,1135.0,6198.0,5063.0
2025-04-29 21:00:00-05:00,CISO,23501.0,11650.0,3004.0,1136.0,8847.0,7711.0
2025-04-29 22:00:00-05:00,CISO,25053.0,6292.0,3029.0,1135.0,15732.0,14597.0
2025-04-29 23:00:00-05:00,CISO,26359.0,405.0,2931.0,1135.0,23023.0,21888.0
2025-04-30 00:00:00-05:00,CISO,26718.0,-31.0,2961.0,1136.0,23788.0,22652.0
2025-04-30 01:00:00-05:00,CISO,26086.0,-42.0,3216.0,1136.0,22912.0,21776.0
2025-04-30 02:00:00-05:00,CISO,24827.0,-41.0,3193.0,1135.0,21675.0,20540.0
2025-04-30 03:00:00-05:00,CISO,23251.0,-39.0,3200.0,1136.0,20090.0,18954.0
2025-04-30 04:00:00-05:00,CISO,22568.0,-39.0,3096.0,1136.0,19511.0,18375.0
2025-04-30 05:00:00-05:00,CISO,21855.0,-36.0,3096.0,1135.0,18795.0,17660.0
2025-04-30 06:00:00-05:00,CISO,21357.0,-36.0,3033.0,1135.0,18360.0,17225.0
2025-04-30 07:00:00-05:00,CISO,20793.0,-37.0,2915.0,1135.0,17915.0,16780.0
2025-04-30 08:00:00-05:00,CISO,20984.0,-37.0,2690.0,1135.0,18331.0,17196.0
2025-04-30 09:00:00-05:00,CISO,21851.0,-35.0,2539.0,1134.0,19347.0,18213.0
2025-04-30 10:00:00-05:00,CISO,23320.0,1733.0,2304.0,1134.0,19283.0,18149.0
2025-04-30 11:00:00-05:00,CISO,24675.0,8888.0,1975.0,1134.0,13812.0,12678.0
2025-04-30 12:00:00-05:00,CISO,24930.0,14159.0,1667.0,1133.0,9104.0,7971.0
2025-04-30 13:00:00-05:00,CISO,24566.0,15268.0,1396.0,1133.0,7902.0,6769.0
2025-04-30 14:00:00-05:00,CISO,24550.0,16168.0,1417.0,1132.0,6965.0,5833.0
2025-04-30 15:00:00-05:00,CISO,23329.0,16834.0,1559.0,1133.0,4936.0,3803.0
2025-04-30 16:00:00-05:00,CISO,23358.0,17159.0,1296.0,1132.0,4903.0,3771.0
2025-04-30 17:00:00-05:00,CISO,23335.0,16679.0,1600.0,1132.0,5056.0,3924.0
2025-04-30 18:00:00-05:00,CISO,22170.0,16088.0,1946.0,1132.0,4136.0,3004.0
